TractFIPS,Year,ACCESS2,ARTHRITIS,BINGE,BPHIGH,BPMED,CANCER,CASTHMA,CHD,CHECKUP,CHOLSCREEN,COLON_SCREEN,COPD,COREM,COREW,CSMOKING,DENTAL,DIABETES,HIGHCHOL,KIDNEY,LPA,MAMMOUSE,MHLTH,OBESITY,PAPTEST,PHLTH,SLEEP,STROKE,TEETHLOST
28049000100,2013,NA,NA,NA,36.1,81.6,NA,NA,NA,NA,78.4,NA,NA,NA,NA,NA,NA,NA,41.2,NA,NA,NA,NA,NA,NA,NA,NA,NA,NA
28049000100,2014,10.7,25.8,15.1,NA,NA,7.6,7,5.9,76.4,NA,70.1,4.5,44.3,40.8,13.3,72.8,8.7,NA,2.6,19.4,76.4,8.7,26.7,88.2,8.6,31.8,2.7,9.7
28049000100,2015,10.1,23.8,13.7,35.2,80.4,7.7,7.2,5.3,78,82.4,NA,4.2,NA,NA,12.5,NA,8.6,34.1,2.5,25.1,NA,9.3,26.7,NA,9.3,NA,2.6,NA
28049000100,2016,NA,NA,NA,NA,NA,NA,NA,NA,NA,NA,69.4,NA,44.3,35.3,NA,75.4,NA,NA,NA,NA,76.6,NA,NA,89.1,NA,30,NA,9.3
28049000100,2017,11.9,23.1,15.7,33.8,79.2,7.8,8.4,5.6,70.1,85.5,NA,4.9,NA,NA,13.2,NA,8.9,35.4,2.7,23,NA,10.3,25.9,NA,10.3,NA,2.8,NA
28049000200,2013,NA,NA,NA,35.9,80.8,NA,NA,NA,NA,76.2,NA,NA,NA,NA,NA,NA,NA,41.7,NA,NA,NA,NA,NA,NA,NA,NA,NA,NA
28049000200,2014,10.8,25.2,15.1,NA,NA,7.1,7.1,5.8,75.3,NA,68.1,4.6,44.1,39.2,13.6,71.9,8.5,NA,2.5,19.3,75.4,9.1,27,87.1,8.8,31.6,2.6,9.9
28049000200,2015,9.9,23.2,13.8,34,79.3,7.3,7.3,5.3,77,81.5,NA,4.3,NA,NA,12.6,NA,8.3,33.9,2.5,24.7,NA,9.5,26.8,NA,9.4,NA,2.5,NA
28049000200,2016,NA,NA,NA,NA,NA,NA,NA,NA,NA,NA,68.9,NA,44.4,35.1,NA,75.7,NA,NA,NA,NA,76.8,NA,NA,89,NA,29.9,NA,9
28049000200,2017,9.7,21.3,17.1,30.6,77.5,7.4,8.1,4.7,69.2,86,NA,4,NA,NA,11.5,NA,7.6,33.8,2.4,19.8,NA,9.5,24.2,NA,8.9,NA,2.3,NA
28049000301,2013,NA,NA,NA,41.2,74.4,NA,NA,NA,NA,59.5,NA,NA,NA,NA,NA,NA,NA,34.8,NA,NA,NA,NA,NA,NA,NA,NA,NA,NA
28049000301,2014,33.4,22.7,11.3,NA,NA,3.2,11.7,4.4,74.1,NA,48.1,6.8,29.9,23.6,30,38.1,12.2,NA,2.9,36.5,70.7,18.6,45.3,76.7,15.7,48.8,3.7,29.2
28049000301,2015,28.8,20.5,10.3,39.9,71.9,3.3,11.3,4.4,77.2,63,NA,6.2,NA,NA,28.6,NA,12.3,29.5,2.9,41.1,NA,18.5,43.5,NA,16,NA,3.7,NA
28049000301,2016,NA,NA,NA,NA,NA,NA,NA,NA,NA,NA,51,NA,27.2,21.3,NA,44.4,NA,NA,NA,NA,79.7,NA,NA,88.2,NA,44.6,NA,28.7
28049000301,2017,23.8,18.3,12.6,37.6,71.2,3.4,12.1,4.2,71,76.2,NA,5.8,NA,NA,25.4,NA,11.4,27.9,3.1,36.6,NA,18.5,41.6,NA,14.6,NA,3.4,NA
28049000302,2013,NA,NA,NA,39,76.2,NA,NA,NA,NA,67.8,NA,NA,NA,NA,NA,NA,NA,34.5,NA,NA,NA,NA,NA,NA,NA,NA,NA,NA
28049000302,2014,23.8,22.3,12.8,NA,NA,4,9.8,4.4,76.7,NA,58.1,5.2,34.7,30.1,22.9,50.1,11.6,NA,2.7,29.4,75.7,14,40.1,83.7,12,45.4,3.3,21.2
28049000302,2015,22.2,20.8,11.2,40.2,75.1,4.1,10,4.6,78.9,69.5,NA,5.1,NA,NA,22.5,NA,12.2,30.1,2.8,36,NA,14.9,40.2,NA,13.3,NA,3.5,NA
28049000302,2016,NA,NA,NA,NA,NA,NA,NA,NA,NA,NA,58.9,NA,33.1,26.2,NA,56.2,NA,NA,NA,NA,80.6,NA,NA,89.6,NA,41.4,NA,20
28049000302,2017,19.3,18.6,13.9,37,73.8,4.1,10.9,4.1,72.7,80.7,NA,4.7,NA,NA,19.6,NA,11,28.7,2.8,30.6,NA,14.4,37.2,NA,11.9,NA,3.1,NA
28049000400,2013,NA,NA,NA,41.6,81.3,NA,NA,NA,NA,73.4,NA,NA,NA,NA,NA,NA,NA,40.3,NA,NA,NA,NA,NA,NA,NA,NA,NA,NA
28049000400,2014,18.9,27.7,12.4,NA,NA,6.3,8.8,6.5,77,NA,62,6,37.3,30.8,19,57.6,12.2,NA,3.1,27.7,74.1,12.1,35.2,84,12.2,39.3,4,18.1
28049000400,2015,17.2,26,11,42.1,80.2,6.6,8.9,6.5,78.9,76.3,NA,5.9,NA,NA,18.2,NA,12.8,34.9,3.4,33.5,NA,12.7,35.4,NA,13.4,NA,4.1,NA
28049000400,2016,NA,NA,NA,NA,NA,NA,NA,NA,NA,NA,60.2,NA,33.8,24.6,NA,58.3,NA,NA,NA,NA,78,NA,NA,88.9,NA,37.2,NA,20.1
28049000400,2017,18.3,24.7,13,40.7,79.3,6.5,10.1,6.7,72.1,82.2,NA,6.6,NA,NA,19.5,NA,12.8,35.1,3.5,32.1,NA,14,34.5,NA,14,NA,4.1,NA
28049000500,2013,NA,NA,NA,50.6,84.3,NA,NA,NA,NA,73.9,NA,NA,NA,NA,NA,NA,NA,42.5,NA,NA,NA,NA,NA,NA,NA,NA,NA,NA
28049000500,2014,26.3,32.5,9.9,NA,NA,5.6,10.8,7.8,79.9,NA,59,8.1,28,25.7,25.2,44.4,19.2,NA,4,36.6,74.8,15.7,45,80.9,16.7,47.2,5.9,27.5
28049000500,2015,23.5,29.7,9,51.7,83,5.7,10.7,7.6,82.1,74.4,NA,7.5,NA,NA,24,NA,19.5,38,3.8,41.3,NA,15.6,44,NA,17.3,NA,5.9,NA
28049000500,2016,NA,NA,NA,NA,NA,NA,NA,NA,NA,NA,58.8,NA,26,21.8,NA,49.2,NA,NA,NA,NA,80.6,NA,NA,88.5,NA,43.2,NA,27.4
28049000500,2017,22.9,27.9,10.7,49.5,82.3,5.9,12,7.5,76.7,83,NA,8,NA,NA,23.5,NA,18.7,37.4,4.3,38.3,NA,16.1,42.2,NA,17.2,NA,5.6,NA
28049000600,2013,NA,NA,NA,57.1,86.7,NA,NA,NA,NA,73.9,NA,NA,NA,NA,NA,NA,NA,46.2,NA,NA,NA,NA,NA,NA,NA,NA,NA,NA
28049000600,2014,29.1,36.5,8.6,NA,NA,6.6,10.9,9.9,80.7,NA,55.2,9.6,27.4,23.7,24.8,41.2,22.5,NA,4.9,40.2,72,15.7,45.7,78.7,18.9,46.3,7.7,31.8
28049000600,2015,24.6,32.9,8,55.7,85.3,6.8,10.4,9.4,83.1,75.8,NA,8.4,NA,NA,22.9,NA,21.9,40.3,4.6,42.7,NA,14.9,43.4,NA,18.5,NA,7.3,NA
28049000600,2016,NA,NA,NA,NA,NA,NA,NA,NA,NA,NA,58.3,NA,25.8,21.5,NA,49.9,NA,NA,NA,NA,79.6,NA,NA,88.5,NA,41.6,NA,28.2
28049000600,2017,23.7,30.9,9.4,53.8,84.9,6.9,11.7,9.5,78.1,84,NA,9,NA,NA,22.5,NA,21.4,40.1,5.2,40.1,NA,15.5,42.2,NA,18.5,NA,7,NA
28049000700,2013,NA,NA,NA,44.9,80.5,NA,NA,NA,NA,69.6,NA,NA,NA,NA,NA,NA,NA,38.6,NA,NA,NA,NA,NA,NA,NA,NA,NA,NA
28049000700,2014,25.4,26.8,11.5,NA,NA,4.3,10.7,5.5,78.2,NA,56,6.6,29.3,27.3,25.7,46,15.1,NA,3.2,34,76.1,15.8,43.1,81.7,14.6,47.7,4.3,25.2
28049000700,2015,24.7,25.3,10,46.3,79.2,4.4,10.9,5.7,80.2,69.8,NA,6.7,NA,NA,26.1,NA,16.1,34.4,3.1,40.9,NA,16.8,43.3,NA,16.5,NA,4.6,NA
28049000700,2016,NA,NA,NA,NA,NA,NA,NA,NA,NA,NA,52.9,NA,25.5,21.7,NA,46.6,NA,NA,NA,NA,80.6,NA,NA,87.6,NA,44.7,NA,28.9
28049000700,2017,24.7,24.3,11.5,45.4,78.6,4.4,12.6,6.1,74.2,79.4,NA,7.6,NA,NA,26.5,NA,16.4,34,3.8,39.4,NA,18.4,43,NA,17.4,NA,4.9,NA
28049000800,2013,NA,NA,NA,50.1,83.1,NA,NA,NA,NA,69.9,NA,NA,NA,NA,NA,NA,NA,42,NA,NA,NA,NA,NA,NA,NA,NA,NA,NA
28049000800,2014,35,32.9,9.1,NA,NA,5.1,12.1,8.3,78,NA,50.7,10,24.9,21.7,30.6,34.9,20.4,NA,4.1,43.1,71,18.9,47.7,74.8,20.2,49,6.8,37
28049000800,2015,33.6,31.7,7.8,54.1,81.9,5.3,12.2,9.3,80.3,66.5,NA,10.6,NA,NA,31.7,NA,22.6,40.3,4.7,49.2,NA,20.1,48.2,NA,23,NA,7.9,NA
28049000800,2016,NA,NA,NA,NA,NA,NA,NA,NA,NA,NA,48.5,NA,20.2,16.9,NA,35,NA,NA,NA,NA,79.4,NA,NA,87,NA,46.2,NA,43
28049000800,2017,28.9,29.3,9.3,52.2,81.7,5.4,13.3,9.3,75.3,78.2,NA,10.7,NA,NA,30,NA,21.8,38.6,5.4,46.3,NA,20.7,47.3,NA,22,NA,7.4,NA
28049000900,2013,NA,NA,NA,56.9,86.6,NA,NA,NA,NA,74,NA,NA,NA,NA,NA,NA,NA,46,NA,NA,NA,NA,NA,NA,NA,NA,NA,NA
28049000900,2014,35.7,38.7,8.2,NA,NA,6.6,11.7,11.4,79.8,NA,49.6,11.8,25.1,21.1,29.2,33.7,24.8,NA,5.1,46.1,69,18,48,74.9,22.4,48.2,9.1,40.4
28049000900,2015,29.6,35,7.7,58.2,85.3,6.9,10.9,11,82.6,73.2,NA,10.1,NA,NA,26.4,NA,24.4,42.3,5.1,47.2,NA,16.7,45.7,NA,21.5,NA,8.7,NA
28049000900,2016,NA,NA,NA,NA,NA,NA,NA,NA,NA,NA,52.1,NA,22.5,18.3,NA,40.6,NA,NA,NA,NA,78.8,NA,NA,88.1,NA,43.7,NA,37.5
28049000900,2017,27.1,33.3,8.7,57.4,85.4,7,12.1,11.6,77.9,82.3,NA,11.2,NA,NA,26.2,NA,25,42.1,6.2,45.8,NA,17.7,46.2,NA,22,NA,8.8,NA
28049001000,2013,NA,NA,NA,54.9,86.2,NA,NA,NA,NA,74.4,NA,NA,NA,NA,NA,NA,NA,44.8,NA,NA,NA,NA,NA,NA,NA,NA,NA,NA
28049001000,2014,32,36.5,8.7,NA,NA,6.3,11.2,10.3,79.9,NA,52.5,10.3,25.9,21.8,27.3,37.8,22.8,NA,4.7,43,70.6,16.9,46.1,76.6,20.3,47.4,8,36.6
28049001000,2015,28.4,34.2,7.7,57.2,85.1,6.6,10.8,10.7,82.3,73.1,NA,9.8,NA,NA,26.2,NA,23.8,41.6,5,46.8,NA,16.8,45.5,NA,21.4,NA,8.4,NA
28049001000,2016,NA,NA,NA,NA,NA,NA,NA,NA,NA,NA,51,NA,21.7,17.1,NA,39.5,NA,NA,NA,NA,78.6,NA,NA,87.5,NA,44.1,NA,39.6
28049001000,2017,27.8,33.3,8.5,57.3,85.2,6.8,12.4,11.9,77.2,81.5,NA,11.7,NA,NA,27.5,NA,25.3,42.2,6.4,46.9,NA,18.8,47,NA,23.1,NA,9,NA
28049001100,2013,NA,NA,NA,60.3,88,NA,NA,NA,NA,75.4,NA,NA,NA,NA,NA,NA,NA,48.3,NA,NA,NA,NA,NA,NA,NA,NA,NA,NA
28049001100,2014,35.7,40.9,7.6,NA,NA,6.8,11.6,12.7,80.2,NA,48.9,12.9,24.9,20.5,29.6,32.7,27.3,NA,5.5,47.3,67.5,18.2,50.1,73.5,23.9,48.5,9.8,39.8
28049001100,2015,33.4,39.1,6.6,63.5,87,7.1,11.3,14,82.5,73.1,NA,13.1,NA,NA,30.1,NA,29.7,46.1,6.3,51.8,NA,18.5,50.1,NA,26.2,NA,11.1,NA
28049001100,2016,NA,NA,NA,NA,NA,NA,NA,NA,NA,NA,46.9,NA,19.7,15.7,NA,32.7,NA,NA,NA,NA,77.3,NA,NA,87.4,NA,45.3,NA,46.2
28049001100,2017,28.6,36,7.8,61.4,87,7.2,12.3,13.9,78.2,82.7,NA,13.2,NA,NA,28.7,NA,28.6,45.2,7,48.9,NA,18.7,49,NA,24.8,NA,10.2,NA
28049001200,2013,NA,NA,NA,53.6,84.5,NA,NA,NA,NA,71.5,NA,NA,NA,NA,NA,NA,NA,43.7,NA,NA,NA,NA,NA,NA,NA,NA,NA,NA
28049001200,2014,33,33.9,9.7,NA,NA,5.6,11.2,9.1,78.8,NA,51.6,9.7,25.9,22,29.1,36.7,21.1,NA,4.5,42.3,72,17.4,46.7,77.7,19.4,48.7,7.2,35.9
28049001200,2015,32.3,32.3,8.3,55.6,83,5.8,11.3,9.8,80.8,69.5,NA,10,NA,NA,29.9,NA,22.8,40.7,4.6,48.3,NA,18.4,46.8,NA,21.9,NA,8,NA
28049001200,2016,NA,NA,NA,NA,NA,NA,NA,NA,NA,NA,49,NA,21.1,17.2,NA,37.1,NA,NA,NA,NA,78.4,NA,NA,86.9,NA,45.4,NA,41.4
28049001200,2017,31.2,30.5,9.7,54,82.6,5.9,13.1,10.2,75.6,79.3,NA,11.1,NA,NA,30.3,NA,22.5,39.9,5.5,46.6,NA,19.6,45.6,NA,22.4,NA,7.9,NA
28049001300,2013,NA,NA,NA,37,80,NA,NA,NA,NA,72.2,NA,NA,NA,NA,NA,NA,NA,40.5,NA,NA,NA,NA,NA,NA,NA,NA,NA,NA
28049001300,2014,14.1,24.6,15,NA,NA,6.4,7.6,5.6,74.6,NA,65.8,4.9,41.3,36.1,16.2,66.1,9.1,NA,2.6,22.2,74.7,10.3,29.1,85.5,9.7,34.4,2.9,12.9
28049001300,2015,14.3,23.5,13.1,36,78.5,6.6,8,5.7,76.3,76.5,NA,5.2,NA,NA,16.3,NA,9.7,33.8,2.7,29.2,NA,11.4,30,NA,11.3,NA,3.1,NA
28049001300,2016,NA,NA,NA,NA,NA,NA,NA,NA,NA,NA,64.2,NA,38.9,30,NA,66.6,NA,NA,NA,NA,76.3,NA,NA,87.9,NA,32.9,NA,14.9
28049001300,2017,15.8,22.4,15.5,34,77.1,6.6,9.4,5.8,68.5,81.4,NA,5.8,NA,NA,17.1,NA,9.6,34.1,2.9,26.7,NA,12.7,28.4,NA,12.1,NA,3.1,NA
28049001400,2013,NA,NA,NA,38.2,84.8,NA,NA,NA,NA,81.3,NA,NA,NA,NA,NA,NA,NA,45.3,NA,NA,NA,NA,NA,NA,NA,NA,NA,NA
28049001400,2014,7.2,28.2,14.6,NA,NA,9.4,6.2,6.7,77.7,NA,73.2,4.2,46.6,42.4,10,79.4,8.3,NA,2.7,16.9,77.6,7.1,21.8,88.6,7.7,26.7,2.7,7.7
28049001400,2015,6.8,25.9,13.3,35.6,83.5,9.7,6.4,5.9,79.1,86.1,NA,3.9,NA,NA,9,NA,8.1,36.7,2.6,21.8,NA,7.5,22.1,NA,8.3,NA,2.5,NA
28049001400,2016,NA,NA,NA,NA,NA,NA,NA,NA,NA,NA,72.5,NA,47.2,36.8,NA,81.3,NA,NA,NA,NA,76.9,NA,NA,88.4,NA,25.3,NA,7.1
28049001400,2017,8.3,25.8,14.7,34.9,82.9,9.7,7.6,6.5,71.2,87.7,NA,4.8,NA,NA,9.8,NA,9,39.2,2.9,20.4,NA,8.6,22.2,NA,9.7,NA,2.9,NA
28049001500,2013,NA,NA,NA,25.5,74,NA,NA,NA,NA,66.4,NA,NA,NA,NA,NA,NA,NA,35.4,NA,NA,NA,NA,NA,NA,NA,NA,NA,NA
28049001500,2014,9.1,17.3,19.8,NA,NA,5,6.9,3.6,71,NA,70.6,3.1,44.1,40.8,12.2,76.5,5.3,NA,1.8,14.4,76.8,8.5,21.6,86.7,6.3,28.8,1.6,7.7
28049001500,2015,8.5,16.1,17.9,23.7,72.9,5.1,7.2,3.3,72.8,74.1,NA,3,NA,NA,11.4,NA,5.4,27.6,1.8,20,NA,9.4,22.2,NA,7,NA,1.5,NA
28049001500,2016,NA,NA,NA,NA,NA,NA,NA,NA,NA,NA,69.2,NA,43.8,34.9,NA,77.3,NA,NA,NA,NA,77.4,NA,NA,87.4,NA,27.8,NA,7.8
28049001500,2017,10.2,16.1,20,23.4,71.5,5.1,8.5,3.6,63.1,78.1,NA,3.6,NA,NA,12.5,NA,5.9,28.5,1.9,19.1,NA,11.5,22.3,NA,8.2,NA,1.8,NA
28049001600,2013,NA,NA,NA,32.8,74.4,NA,NA,NA,NA,59.1,NA,NA,NA,NA,NA,NA,NA,34.6,NA,NA,NA,NA,NA,NA,NA,NA,NA,NA
28049001600,2014,21,19.2,16.2,NA,NA,3.7,9.2,4.2,71.7,NA,59.1,4.9,32,28.1,21.5,55.2,9.4,NA,2.3,25.8,75.4,13.6,32.8,79.8,10.6,39.4,2.8,20.2
28049001600,2015,21.7,18.9,13.4,33.8,73.3,3.8,9.6,4.7,73.7,61.5,NA,5.6,NA,NA,22.8,NA,10.7,30.2,2.7,34.2,NA,15.7,34.6,NA,13.2,NA,3.3,NA
28049001600,2016,NA,NA,NA,NA,NA,NA,NA,NA,NA,NA,54.7,NA,27.1,20.9,NA,52.2,NA,NA,NA,NA,80.1,NA,NA,85.9,NA,37.9,NA,26.2
28049001600,2017,21.3,18,15.4,33.1,72.3,3.8,11,5,65.9,70.9,NA,6.2,NA,NA,22.9,NA,10.9,29.5,3,32.9,NA,18.3,34.1,NA,13.9,NA,3.4,NA
28049001900,2013,NA,NA,NA,55,84.9,NA,NA,NA,NA,70.8,NA,NA,NA,NA,NA,NA,NA,44.8,NA,NA,NA,NA,NA,NA,NA,NA,NA,NA
28049001900,2014,34.4,35.2,8.9,NA,NA,5.5,11.7,9.6,78.4,NA,48.8,10.6,25,20.7,29.7,35,22.4,NA,4.6,43.5,70.6,18.4,48.8,74.6,21.2,48.8,7.7,36.6
28049001900,2015,29.2,32,8.2,55.1,83.4,5.8,11.1,9.5,81.2,71.5,NA,9.5,NA,NA,27.7,NA,22.4,40.2,4.7,45.9,NA,17.5,46.5,NA,21,NA,7.6,NA
28049001900,2016,NA,NA,NA,NA,NA,NA,NA,NA,NA,NA,50.3,NA,21.8,17.7,NA,40.3,NA,NA,NA,NA,79.9,NA,NA,87.8,NA,44.5,NA,37.1
28049001900,2017,27.2,30.6,9.2,54.6,83.6,5.9,12.4,10.2,76,80.7,NA,10.6,NA,NA,28,NA,23.1,40.3,5.7,45.1,NA,18.9,47.2,NA,21.8,NA,7.8,NA
28049002000,2013,NA,NA,NA,56.5,85.6,NA,NA,NA,NA,70.7,NA,NA,NA,NA,NA,NA,NA,45.7,NA,NA,NA,NA,NA,NA,NA,NA,NA,NA
28049002000,2014,36.8,36.6,8.4,NA,NA,5.7,11.9,10.4,78.5,NA,46.1,11.6,24.2,19.1,31.3,32.2,23.8,NA,4.9,46.7,70.2,19.1,49,72.7,22.8,49.4,8.4,41.4
28049002000,2015,33.8,34.6,7.5,58.1,84.1,6,11.7,11.1,81,69,NA,11.5,NA,NA,31.4,NA,25.2,42.6,5.2,50.7,NA,19.5,48.3,NA,24.5,NA,9.2,NA
28049002000,2016,NA,NA,NA,NA,NA,NA,NA,NA,NA,NA,49,NA,21.1,16.9,NA,39,NA,NA,NA,NA,79.8,NA,NA,86.9,NA,44.8,NA,39.7
28049002000,2017,27.9,30.7,9.5,54.1,83.6,6.1,12.6,10,76.5,81,NA,10.5,NA,NA,27.6,NA,22.4,40.1,5.5,44.6,NA,18.4,44.7,NA,21.4,NA,7.7,NA
28049002100,2013,NA,NA,NA,52.3,82.9,NA,NA,NA,NA,66.9,NA,NA,NA,NA,NA,NA,NA,43.5,NA,NA,NA,NA,NA,NA,NA,NA,NA,NA
28049002100,2014,35.5,32.1,9.6,NA,NA,4.7,11.8,8.2,76.9,NA,48.1,10,25.2,20.8,31.7,34.2,20.2,NA,4.2,43.1,70.6,19.1,48.4,73.7,20.4,49.3,6.6,37.4
28049002100,2015,28.5,28.8,9.1,51.1,81,5,11.1,7.8,80,68.9,NA,8.5,NA,NA,28.6,NA,19.8,38.1,4,44.8,NA,17.8,45.9,NA,19.6,NA,6.3,NA
28049002100,2016,NA,NA,NA,NA,NA,NA,NA,NA,NA,NA,49.8,NA,22,17.8,NA,38.8,NA,NA,NA,NA,80,NA,NA,87.4,NA,45.4,NA,37.7
28049002100,2017,26.2,26.8,10.6,49.6,80.8,5.1,12.2,7.9,74.6,79.4,NA,8.9,NA,NA,27.6,NA,19.4,37.1,4.6,42.3,NA,18.6,45.1,NA,19.2,NA,6.1,NA
28049002200,2013,NA,NA,NA,49.9,82.5,NA,NA,NA,NA,69.6,NA,NA,NA,NA,NA,NA,NA,42,NA,NA,NA,NA,NA,NA,NA,NA,NA,NA
28049002200,2014,38.7,33.4,9.1,NA,NA,5.2,12,9.9,76.4,NA,44,11.2,29,19.8,33.4,30.9,20.5,NA,4,46,69.1,20.2,48.3,72.3,22.2,49.6,7.3,40.6
28049002200,2015,35.9,31.6,8.1,54.5,81.2,5.3,11.7,10.6,79.1,65.2,NA,11.1,NA,NA,33.6,NA,22,40.8,4.6,50.7,NA,20.5,47.8,NA,23.8,NA,8,NA
28049002200,2016,NA,NA,NA,NA,NA,NA,NA,NA,NA,NA,44.9,NA,23.9,16.4,NA,34,NA,NA,NA,NA,79.4,NA,NA,86.9,NA,46,NA,44
28049002200,2017,31.7,29.6,9.3,53.4,81.3,5.4,13,11.2,74,76.7,NA,11.9,NA,NA,33,NA,22.1,39.5,5.6,48.9,NA,21.8,47.7,NA,23.9,NA,7.9,NA
28049002300,2013,NA,NA,NA,45.2,78.9,NA,NA,NA,NA,65.1,NA,NA,NA,NA,NA,NA,NA,38.5,NA,NA,NA,NA,NA,NA,NA,NA,NA,NA
28049002300,2014,36.1,28.2,10.1,NA,NA,4,12.4,6.4,75.4,NA,45.5,9.1,26,22,32.7,34,16.8,NA,3.3,41.6,70.4,20.1,47.7,74.2,19.3,49.8,5.4,35.7
28049002300,2015,32.6,26.6,8.9,48.2,77.5,4.1,12.1,6.9,78.3,63.1,NA,9.1,NA,NA,32.5,NA,18,35.9,3.8,46.7,NA,20.7,47.2,NA,20.9,NA,5.9,NA
28049002300,2016,NA,NA,NA,NA,NA,NA,NA,NA,NA,NA,45.8,NA,22,18,NA,36.3,NA,NA,NA,NA,80.3,NA,NA,87.6,NA,46.4,NA,39.5
28049002300,2017,29.1,24.7,10.4,46.8,77.3,4.1,13.4,7.1,72.6,75.2,NA,9.4,NA,NA,31.5,NA,17.8,34.5,4.4,44.8,NA,22,46.8,NA,20.6,NA,5.7,NA
28049002400,2013,NA,NA,NA,48.6,83.1,NA,NA,NA,NA,71.8,NA,NA,NA,NA,NA,NA,NA,41.2,NA,NA,NA,NA,NA,NA,NA,NA,NA,NA
28049002400,2014,27.5,30.6,9.9,NA,NA,5.2,10.9,7.3,79.2,NA,56.3,7.9,28.1,25,25.2,43.8,18,NA,3.8,36.6,74.4,15.8,43.9,79.9,16.4,46.4,5.7,28.9
28049002400,2015,24.2,28,8.9,49.7,81.9,5.4,10.7,7.3,81.6,72.2,NA,7.2,NA,NA,23.7,NA,18.3,36.8,3.9,40.6,NA,15.6,42.9,NA,16.9,NA,5.7,NA
28049002400,2016,NA,NA,NA,NA,NA,NA,NA,NA,NA,NA,56.5,NA,25,21.1,NA,47.3,NA,NA,NA,NA,80.5,NA,NA,88,NA,43.2,NA,30
28049002400,2017,23,26.2,10.8,47.4,81.2,5.5,12.1,7.1,76,81.7,NA,7.6,NA,NA,23,NA,17.5,35.9,4.2,37.5,NA,16.3,41.1,NA,16.7,NA,5.4,NA
28049002500,2013,NA,NA,NA,46.9,81.5,NA,NA,NA,NA,71,NA,NA,NA,NA,NA,NA,NA,39.7,NA,NA,NA,NA,NA,NA,NA,NA,NA,NA
28049002500,2014,30,29.5,10.4,NA,NA,4.7,11,7,77.7,NA,51.7,8.1,26.7,23.5,27.8,40.2,17.8,NA,3.5,38.2,72.9,16.8,45.8,78.2,17.2,48,5.6,31.1
28049002500,2015,27.7,27.4,9.3,49.9,80.5,4.8,10.9,7.2,80.1,69.3,NA,7.8,NA,NA,27.5,NA,18.6,36.7,3.8,43.4,NA,17.2,45,NA,18.4,NA,5.9,NA
28049002500,2016,NA,NA,NA,NA,NA,NA,NA,NA,NA,NA,52.1,NA,23.7,19.9,NA,44.7,NA,NA,NA,NA,80,NA,NA,87.9,NA,44.2,NA,31.9
28049002500,2017,26.3,25.9,10.7,48.4,80,4.9,12.4,7.5,74.4,79.5,NA,8.6,NA,NA,27,NA,18.4,36.1,4.4,41.1,NA,18.4,44.1,NA,18.7,NA,5.8,NA
28049002700,2013,NA,NA,NA,44.4,80.2,NA,NA,NA,NA,69.2,NA,NA,NA,NA,NA,NA,NA,40,NA,NA,NA,NA,NA,NA,NA,NA,NA,NA
28049002700,2014,29.3,27.2,12,NA,NA,4.4,10.2,7,73.9,NA,48.6,8,27.5,24,28.4,41.6,16,NA,3.2,36,70.2,16.5,43.8,77.1,16.8,45.6,5,29.6
28049002700,2015,26.8,25.4,10.8,46.6,78.8,4.5,10.1,7.2,76.6,68.6,NA,7.8,NA,NA,27.9,NA,16.8,36.3,3.5,41.1,NA,17,43,NA,18,NA,5.3,NA
28049002700,2016,NA,NA,NA,NA,NA,NA,NA,NA,NA,NA,47.3,NA,23.1,19.3,NA,42,NA,NA,NA,NA,77.6,NA,NA,87.1,NA,42.9,NA,34.6
28049002700,2017,27.5,24.7,11.8,46.9,78.9,4.6,11.7,8.2,70,76.4,NA,9.5,NA,NA,30.3,NA,18,37.1,4.3,42.1,NA,19.6,44.1,NA,20.1,NA,5.8,NA
28049003000,2013,NA,NA,NA,46.4,80.7,NA,NA,NA,NA,67.5,NA,NA,NA,NA,NA,NA,NA,41,NA,NA,NA,NA,NA,NA,NA,NA,NA,NA
28049003000,2014,37.5,30.4,10.7,NA,NA,4.7,11.5,8.2,74.4,NA,45.7,10.1,25.9,22.1,33,33.6,18.2,NA,3.6,42.8,67.7,19.5,46.6,73.7,20.3,48.4,6.1,37.8
28049003000,2015,33,28.1,9.8,49.3,79,4.9,11,8.3,77.4,65.4,NA,9.4,NA,NA,31.5,NA,18.7,38.3,3.9,46.6,NA,19.2,45.5,NA,20.8,NA,6.3,NA
28049003000,2016,NA,NA,NA,NA,NA,NA,NA,NA,NA,NA,47.2,NA,22.5,18.9,NA,37.8,NA,NA,NA,NA,77,NA,NA,86.6,NA,44.6,NA,39.2
28049003000,2017,29.9,25.9,11.6,47.1,78.4,4.9,12.2,8.2,71.7,76.6,NA,9.6,NA,NA,30.3,NA,17.9,36.6,4.4,43.3,NA,19.8,43.7,NA,20.1,NA,5.9,NA
28049003200,2013,NA,NA,NA,43.5,78,NA,NA,NA,NA,61,NA,NA,NA,NA,NA,NA,NA,38.3,NA,NA,NA,NA,NA,NA,NA,NA,NA,NA
28049003200,2014,25.9,23.7,11.5,NA,NA,4.1,10.7,5.8,77.8,NA,55.5,6.1,28.4,24.7,22.1,47.6,13.9,NA,3.4,31.3,74.7,14.9,38.6,78.5,13.3,44.6,4.5,27
28049003200,2015,26.6,23.2,9.7,43.2,76.9,4.3,11.2,6.5,79.6,63.3,NA,6.7,NA,NA,24,NA,15.6,33.4,3.6,39.4,NA,16.9,40.2,NA,16.2,NA,5.3,NA
28049003200,2016,NA,NA,NA,NA,NA,NA,NA,NA,NA,NA,49.7,NA,22.2,17.4,NA,42.9,NA,NA,NA,NA,80.3,NA,NA,85.9,NA,43.1,NA,35.8
28049003200,2017,27,23.1,10.6,44.3,76.5,4.4,12.9,7.6,73.5,73.9,NA,8.3,NA,NA,26,NA,17.1,33.2,4.5,41.6,NA,20.4,42.4,NA,18.3,NA,5.9,NA
28049003300,2013,NA,NA,NA,43.3,77.7,NA,NA,NA,NA,65.2,NA,NA,NA,NA,NA,NA,NA,37.3,NA,NA,NA,NA,NA,NA,NA,NA,NA,NA
28049003300,2014,31.5,25.7,11.1,NA,NA,4,11.3,5.5,75.5,NA,49.6,7.4,30.6,24.9,29.5,39.6,13.9,NA,3.1,37.3,71.3,17.8,44.7,78.1,16.2,48.1,4.3,29.4
28049003300,2015,28.4,24.1,9.9,44.4,76.2,4.1,11.1,5.7,78.2,65.8,NA,7.3,NA,NA,28.8,NA,14.8,33.2,3.3,42.7,NA,18.3,44.2,NA,17.6,NA,4.6,NA
28049003300,2016,NA,NA,NA,NA,NA,NA,NA,NA,NA,NA,49.9,NA,26.8,20.9,NA,42.7,NA,NA,NA,NA,79,NA,NA,88.1,NA,44.8,NA,31.6
28049003300,2017,25.9,21.9,12,42.1,75.3,4.2,12.2,5.6,72.2,77.3,NA,7.2,NA,NA,27.5,NA,13.9,31.7,3.5,39.5,NA,18.8,42.3,NA,16.6,NA,4.3,NA
28049003400,2013,NA,NA,NA,42.6,77,NA,NA,NA,NA,62.6,NA,NA,NA,NA,NA,NA,NA,37.5,NA,NA,NA,NA,NA,NA,NA,NA,NA,NA
28049003400,2014,37.5,26.5,10.5,NA,NA,4,12.1,6.1,73.6,NA,43.9,8.8,31.1,22.2,33.2,34.1,14.3,NA,3.1,41.3,67.9,20.2,45.5,73.7,18.7,48.5,4.8,35.7
28049003400,2015,35.3,25.5,9,45.5,75.4,4.1,12.1,6.9,76.3,60.2,NA,9.5,NA,NA,34,NA,16.1,35.1,3.7,47.6,NA,21.5,45.6,NA,21.3,NA,5.6,NA
28049003400,2016,NA,NA,NA,NA,NA,NA,NA,NA,NA,NA,44.9,NA,26.3,18.5,NA,37.4,NA,NA,NA,NA,77.9,NA,NA,87,NA,44.9,NA,38.9
28049003400,2017,29.1,22.3,11.3,41.9,74.5,4.2,13,6.4,70.6,74.1,NA,8.6,NA,NA,30.1,NA,14.3,32.3,3.8,42.1,NA,21.1,42.4,NA,18.8,NA,4.8,NA
28049003500,2013,NA,NA,NA,41.7,75.4,NA,NA,NA,NA,60.8,NA,NA,NA,NA,NA,NA,NA,36.1,NA,NA,NA,NA,NA,NA,NA,NA,NA,NA
28049003500,2014,34.2,23.9,11.6,NA,NA,3.6,11.8,5,73.8,NA,47.8,7.5,32.1,25.3,31.5,37.7,12.3,NA,3.1,37.6,69.6,19,43.7,77.1,16.4,48.1,3.9,31
28049003500,2015,30,21.8,10.6,40.7,72.6,3.8,11.4,5,76.8,62.7,NA,6.9,NA,NA,29.7,NA,12.5,31.2,2.8,42.1,NA,19,42.5,NA,16.8,NA,3.9,NA
28049003500,2016,NA,NA,NA,NA,NA,NA,NA,NA,NA,NA,48.2,NA,28.2,21.1,NA,40.8,NA,NA,NA,NA,77.8,NA,NA,87.5,NA,44.7,NA,33.4
28049003500,2017,31.1,21.6,11.5,41.4,72.4,3.8,13.4,5.9,69.9,72.6,NA,8.6,NA,NA,32.4,NA,13.7,31.2,3.7,43.3,NA,22.3,43.7,NA,19.2,NA,4.5,NA
28049003600,2013,NA,NA,NA,40.3,77.2,NA,NA,NA,NA,68.5,NA,NA,NA,NA,NA,NA,NA,36.2,NA,NA,NA,NA,NA,NA,NA,NA,NA,NA
28049003600,2014,28.5,25.3,12,NA,NA,4.2,10.7,5.4,75.5,NA,52.2,7,34.3,28.2,28,43.3,12.9,NA,2.8,34.9,71.1,16.7,43.1,80.6,15.1,47.1,3.9,25.6
28049003600,2015,25.4,23.2,10.8,42.6,76,4.3,10.4,5.4,78.1,68.4,NA,6.5,NA,NA,26.8,NA,13.2,32.4,2.9,40.3,NA,16.8,42.2,NA,15.7,NA,3.9,NA
28049003600,2016,NA,NA,NA,NA,NA,NA,NA,NA,NA,NA,52.2,NA,30.7,23.7,NA,46.8,NA,NA,NA,NA,77.5,NA,NA,88.5,NA,43.8,NA,27.9
28049003600,2017,24.9,22.1,12.5,41.5,75,4.4,12,5.7,71.5,77.9,NA,7.3,NA,NA,27.3,NA,13.3,32,3.4,38.5,NA,18.5,41.7,NA,16.5,NA,4.1,NA
28049003700,2013,NA,NA,NA,41.7,78.1,NA,NA,NA,NA,67.5,NA,NA,NA,NA,NA,NA,NA,38.2,NA,NA,NA,NA,NA,NA,NA,NA,NA,NA
28049003700,2014,29.7,26.4,11.9,NA,NA,4.5,10.6,6.1,74.8,NA,50.7,7.6,32.9,27,28.8,42,13.4,NA,2.9,36.2,69.7,17,42.7,78.7,15.8,46.4,4.2,27.5
28049003700,2015,27.5,24.7,10.6,43.6,76.4,4.6,10.6,6.2,77.4,67,NA,7.5,NA,NA,28.6,NA,14.1,34.4,3.1,42.2,NA,17.7,42.2,NA,17.2,NA,4.4,NA
28049003700,2016,NA,NA,NA,NA,NA,NA,NA,NA,NA,NA,52.6,NA,30.5,23.6,NA,47.8,NA,NA,NA,NA,76.9,NA,NA,87.8,NA,42.5,NA,27.3
28049003700,2017,25,22.8,12.6,41.4,75.5,4.7,11.8,6.2,71.1,77.8,NA,7.6,NA,NA,26.9,NA,13.5,33.1,3.5,38.1,NA,18.3,40.6,NA,16.7,NA,4.2,NA
28049003800,2013,NA,NA,NA,39.6,76.5,NA,NA,NA,NA,65.3,NA,NA,NA,NA,NA,NA,NA,37.8,NA,NA,NA,NA,NA,NA,NA,NA,NA,NA
28049003800,2014,32.1,25.7,12.5,NA,NA,4.4,11.1,6,73.2,NA,49.7,8,33.7,26.5,30.7,40.6,12.6,NA,3,36.8,68.4,18.1,41.3,77.9,16.3,45.9,4,29.2
28049003800,2015,26.5,23.2,11.5,40.4,74.5,4.5,10.4,5.7,76.4,66.2,NA,7,NA,NA,27.4,NA,12.4,33.3,2.8,40.2,NA,17.4,40,NA,16.1,NA,3.9,NA
28049003800,2016,NA,NA,NA,NA,NA,NA,NA,NA,NA,NA,49.4,NA,29.9,21.8,NA,43.2,NA,NA,NA,NA,75.6,NA,NA,87.1,NA,43,NA,31.6
28049003800,2017,26,22.3,13.1,39.6,73.8,4.6,11.9,6.1,69.5,75.8,NA,7.8,NA,NA,27.9,NA,12.8,32.6,3.4,38.6,NA,19.2,39.8,NA,17,NA,4.1,NA
28049010101,2013,NA,NA,NA,35.7,78.1,NA,NA,NA,NA,72.2,NA,NA,NA,NA,NA,NA,NA,38.4,NA,NA,NA,NA,NA,NA,NA,NA,NA,NA
28049010101,2014,15,23.6,14.4,NA,NA,6,8,5.2,75.9,NA,66.4,4.7,41.9,36.5,16.4,64.9,8.8,NA,2.5,22.2,75.3,10.5,30.7,85.9,9.4,36.4,2.7,12.3
28049010101,2015,15.4,22.7,12.4,36.2,77.1,6.1,8.5,5.3,77.5,75.4,NA,5,NA,NA,16.6,NA,9.6,32.8,2.7,29.7,NA,11.8,31.9,NA,11.3,NA,2.9,NA
28049010101,2016,NA,NA,NA,NA,NA,NA,NA,NA,NA,NA,65.1,NA,40,30.5,NA,66.5,NA,NA,NA,NA,77.6,NA,NA,88.7,NA,34.4,NA,12.9
28049010101,2017,14.3,21,15,33.5,75.7,6.2,9.4,5,70.3,82.6,NA,4.9,NA,NA,15.4,NA,9.1,32.2,2.7,25.4,NA,12.2,29.8,NA,10.9,NA,2.8,NA
28049010102,2013,NA,NA,NA,39.4,78.9,NA,NA,NA,NA,69.9,NA,NA,NA,NA,NA,NA,NA,39.1,NA,NA,NA,NA,NA,NA,NA,NA,NA,NA
28049010102,2014,19.7,24.1,13.7,NA,NA,5.3,8.7,5.4,75.9,NA,63.5,5.3,38.6,34.7,18.7,58.8,10.6,NA,2.8,25.5,74.6,12,34.7,85.1,11,39.6,3.1,15.8
28049010102,2015,19.1,22.5,11.9,38.3,77.3,5.5,8.9,5.3,77.8,74,NA,5.3,NA,NA,18.1,NA,11.2,32.8,2.8,32,NA,12.8,34.9,NA,12.4,NA,3.3,NA
28049010102,2016,NA,NA,NA,NA,NA,NA,NA,NA,NA,NA,63,NA,36.9,29.4,NA,62.3,NA,NA,NA,NA,78,NA,NA,89.2,NA,36.5,NA,15.9
28049010102,2017,16.8,20.2,14.6,35,76,5.5,9.6,4.8,71.1,82.9,NA,4.8,NA,NA,15.7,NA,10,31.7,2.7,26.5,NA,12.2,31.9,NA,11.1,NA,2.9,NA
28049010201,2013,NA,NA,NA,44.2,79.9,NA,NA,NA,NA,68.1,NA,NA,NA,NA,NA,NA,NA,38,NA,NA,NA,NA,NA,NA,NA,NA,NA,NA
28049010201,2014,24.6,25.9,11.5,NA,NA,4.6,10.5,5.5,78.3,NA,59.3,6.1,30.8,27.1,23.3,48.3,14,NA,3.4,32,76.3,14.7,41,82.8,13.4,45.7,4.3,24.8
28049010201,2015,24.2,24.3,10,44.1,78.3,4.8,10.8,5.7,80.2,69.7,NA,6.2,NA,NA,23.8,NA,14.9,33,3.2,39,NA,15.8,41.2,NA,15.1,NA,4.6,NA
28049010201,2016,NA,NA,NA,NA,NA,NA,NA,NA,NA,NA,55.2,NA,26.4,20.7,NA,47.1,NA,NA,NA,NA,80.6,NA,NA,88.1,NA,43.2,NA,30.1
28049010201,2017,24,23.8,11.3,43.8,77.9,4.8,12.5,6.2,74,79.1,NA,7.3,NA,NA,24.4,NA,15.5,33,4,37.8,NA,17.7,41.6,NA,16.4,NA,4.9,NA
28049010202,2013,NA,NA,NA,49.7,85,NA,NA,NA,NA,77.7,NA,NA,NA,NA,NA,NA,NA,42.3,NA,NA,NA,NA,NA,NA,NA,NA,NA,NA
28049010202,2014,17.2,30,10.6,NA,NA,6,9.3,6.6,82,NA,66.9,5.8,31.6,31.4,17.9,57.8,16.5,NA,3.6,28.2,79.9,11.7,39.5,86.4,12.3,42.9,4.6,17.7
28049010202,2015,16.8,27.7,9.4,49.6,84.1,6.1,9.6,6.4,83.5,79.5,NA,5.5,NA,NA,17.7,NA,16.9,36.5,3.4,34.3,NA,12.2,39.5,NA,13.5,NA,4.6,NA
28049010202,2016,NA,NA,NA,NA,NA,NA,NA,NA,NA,NA,66,NA,30.8,27.1,NA,62.5,NA,NA,NA,NA,82.5,NA,NA,89.7,NA,39.4,NA,16.7
28049010202,2017,16.6,26.1,11.2,47.1,83.4,6.2,10.8,6.3,78,86.7,NA,5.9,NA,NA,16.8,NA,16.3,36.6,3.7,30.6,NA,12.4,37.6,NA,13.4,NA,4.5,NA
28049010203,2013,NA,NA,NA,49.1,83.2,NA,NA,NA,NA,71.7,NA,NA,NA,NA,NA,NA,NA,41.3,NA,NA,NA,NA,NA,NA,NA,NA,NA,NA
28049010203,2014,26.8,31.1,9.7,NA,NA,5,11.1,7,79.2,NA,54.5,8,27.2,24.8,25.6,43.3,18.2,NA,3.8,36.8,74.9,16.4,45.4,79.8,16.8,47.7,5.6,28.3
28049010203,2015,23.7,28.8,8.6,50.3,82.2,5.2,11,7.2,81.5,72.7,NA,7.6,NA,NA,24.6,NA,18.9,36.9,4,41.5,NA,16.4,44.6,NA,17.9,NA,5.8,NA
28049010203,2016,NA,NA,NA,NA,NA,NA,NA,NA,NA,NA,53.8,NA,24,20.2,NA,47.1,NA,NA,NA,NA,81.8,NA,NA,88.8,NA,43.6,NA,29.5
28049010203,2017,21.7,26.6,10.2,48.2,81.7,5.2,12.2,7,76,81.9,NA,7.8,NA,NA,23.6,NA,18.1,36.2,4.3,38.6,NA,17.1,43.1,NA,17.4,NA,5.5,NA
28049010301,2013,NA,NA,NA,52.4,85.6,NA,NA,NA,NA,75.6,NA,NA,NA,NA,NA,NA,NA,43.7,NA,NA,NA,NA,NA,NA,NA,NA,NA,NA
28049010301,2014,26.4,34.1,9.3,NA,NA,6,10.7,8.5,80.6,NA,58.8,8.6,27.6,25.2,24.8,44,20.5,NA,4.2,38,74.5,15.4,44.7,80.3,17.3,46.4,6.4,29
28049010301,2015,24.3,31.8,8.3,54.4,84.6,6.2,10.6,8.6,82.7,75,NA,8.2,NA,NA,24.1,NA,21.4,39.9,4.3,42.8,NA,15.6,44.2,NA,18.4,NA,6.7,NA
28049010301,2016,NA,NA,NA,NA,NA,NA,NA,NA,NA,NA,58.6,NA,25.2,21.8,NA,48.8,NA,NA,NA,NA,80.2,NA,NA,88.1,NA,42.6,NA,28.6
28049010301,2017,21.8,29,10.1,51.4,84,6.3,11.6,8.1,77.7,84.2,NA,8.1,NA,NA,22,NA,19.7,38.8,4.6,38,NA,15.2,41.8,NA,17.1,NA,6,NA
28049010500,2013,NA,NA,NA,42,82.2,NA,NA,NA,NA,75.3,NA,NA,NA,NA,NA,NA,NA,42.4,NA,NA,NA,NA,NA,NA,NA,NA,NA,NA
28049010500,2014,18.1,28.9,12.6,NA,NA,6,9.2,6.8,76.7,NA,57.4,6.9,36.3,35.3,21.5,57.3,13.3,NA,3.1,28.7,74.6,13.3,35.7,81.7,13.3,39.8,3.9,19.9
28049010500,2015,16.7,26.9,11.4,42.9,80.9,6.2,9.3,6.5,78.6,76.7,NA,6.6,NA,NA,20.8,NA,13.5,36.9,2.9,34.6,NA,13.8,35.6,NA,14.4,NA,4,NA
28049010500,2016,NA,NA,NA,NA,NA,NA,NA,NA,NA,NA,56.9,NA,34.3,29.8,NA,60.3,NA,NA,NA,NA,78.2,NA,NA,86.6,NA,37.3,NA,20.2
28049010500,2017,16.1,25.1,13.4,40.6,80.1,6.3,10.4,6.3,72.1,83.5,NA,6.8,NA,NA,19.6,NA,13,36.8,3.3,30.6,NA,14.1,34,NA,14.2,NA,3.8,NA
28049010801,2013,NA,NA,NA,46.4,80.4,NA,NA,NA,NA,65.1,NA,NA,NA,NA,NA,NA,NA,40,NA,NA,NA,NA,NA,NA,NA,NA,NA,NA
28049010801,2014,39.3,30.2,9.7,NA,NA,4.4,12.5,7.5,75.1,NA,45.5,10,25.6,20.5,32.3,32.4,18.5,NA,3.8,43.7,68.7,20.4,47.7,72.5,20.7,49.1,6.3,40
28049010801,2015,37.6,28.8,8.5,50,78.7,4.6,12.4,8.3,77.7,61.9,NA,10.3,NA,NA,33.5,NA,20.1,38.3,4.3,49.8,NA,21.5,47.7,NA,23,NA,7.1,NA
28049010801,2016,NA,NA,NA,NA,NA,NA,NA,NA,NA,NA,44.5,NA,20.4,16.2,NA,32.5,NA,NA,NA,NA,78.4,NA,NA,86.4,NA,46.2,NA,46.5
28049010801,2017,34,26.9,9.9,48.7,78.6,4.7,13.7,8.6,72.2,74,NA,10.9,NA,NA,33.1,NA,20,36.7,5.1,48.4,NA,23,47.2,NA,22.9,NA,6.9,NA
28049010808,2013,NA,NA,NA,42.1,80.1,NA,NA,NA,NA,74.2,NA,NA,NA,NA,NA,NA,NA,37.1,NA,NA,NA,NA,NA,NA,NA,NA,NA,NA
28049010808,2014,18.3,24.5,12.8,NA,NA,4.5,9.4,4.6,79.2,NA,62.2,5,34.1,32.5,20.5,56.7,12.6,NA,2.9,27.3,78.8,12.8,39.6,86.8,11.4,45,3.3,17.8
28049010808,2015,17.3,22.3,11.5,42.1,78.8,4.5,9.6,4.3,81,76.4,NA,4.6,NA,NA,19.7,NA,12.5,31.4,2.5,33.5,NA,13.2,39.1,NA,12.2,NA,3.2,NA
28049010808,2016,NA,NA,NA,NA,NA,NA,NA,NA,NA,NA,61,NA,33,27.6,NA,61.3,NA,NA,NA,NA,81.4,NA,NA,89.7,NA,41.3,NA,17.1
28049010808,2017,17.5,21.1,13.3,40.2,77.8,4.6,10.9,4.4,74.7,84.3,NA,4.9,NA,NA,18.8,NA,12.3,31.5,2.9,30.1,NA,13.5,37.6,NA,12.3,NA,3.3,NA
28049010809,2013,NA,NA,NA,40.3,79.6,NA,NA,NA,NA,76.3,NA,NA,NA,NA,NA,NA,NA,36.4,NA,NA,NA,NA,NA,NA,NA,NA,NA,NA
28049010809,2014,15.1,23.1,13.3,NA,NA,4.6,8.8,4.3,79.9,NA,66.3,4.2,36.8,36.4,17.4,62.4,11.4,NA,2.6,23.6,80.4,11.1,36.8,88.9,9.7,42.8,2.9,13.2
28049010809,2015,13.3,20.1,12.4,39,78.5,4.7,8.8,3.7,81.7,79.7,NA,3.5,NA,NA,15.6,NA,10.6,29.7,2.2,28.3,NA,10.9,35.3,NA,9.6,NA,2.6,NA
28049010809,2016,NA,NA,NA,NA,NA,NA,NA,NA,NA,NA,66.7,NA,37.9,33.2,NA,69.4,NA,NA,NA,NA,81.8,NA,NA,90.3,NA,38.9,NA,11.4
28049010809,2017,13.7,19.2,14.5,36.9,77.1,4.8,10,3.6,75.1,86.6,NA,3.7,NA,NA,14.5,NA,10.3,30.1,2.5,24.4,NA,11,33.6,NA,9.7,NA,2.6,NA
28049010901,2013,NA,NA,NA,44.2,80.3,NA,NA,NA,NA,69,NA,NA,NA,NA,NA,NA,NA,39.6,NA,NA,NA,NA,NA,NA,NA,NA,NA,NA
28049010901,2014,27.6,27.8,10.9,NA,NA,4.7,10.6,6.2,76.7,NA,53.7,7.3,31.6,26.3,25.7,44.5,15,NA,3.2,35.2,72.8,16.1,43.1,79.7,15.6,45.9,4.5,26.1
28049010901,2015,25,25.9,9.8,45.4,79,4.9,10.5,6.3,79.2,70,NA,7.1,NA,NA,25.2,NA,15.6,35.1,3.4,40.7,NA,16.5,42.5,NA,16.7,NA,4.7,NA
28049010901,2016,NA,NA,NA,NA,NA,NA,NA,NA,NA,NA,55,NA,29,23,NA,49.6,NA,NA,NA,NA,79.5,NA,NA,88.3,NA,42.4,NA,26.5
28049010901,2017,21.8,23.5,12.2,42.4,78.1,4.9,11.6,5.9,73.3,80.8,NA,6.7,NA,NA,22.8,NA,14.4,33.5,3.6,35.7,NA,16.4,40.1,NA,15.4,NA,4.2,NA
28049010902,2013,NA,NA,NA,51.3,84,NA,NA,NA,NA,71.2,NA,NA,NA,NA,NA,NA,NA,44,NA,NA,NA,NA,NA,NA,NA,NA,NA,NA
28049010902,2014,32.7,33.4,9.7,NA,NA,5.6,11,8.8,77.6,NA,51.8,9.8,27.4,22.5,28.8,37.9,19.7,NA,4.2,41.8,71.1,17.3,45.8,76.4,19.3,47,6.5,33.6
28049010902,2015,31,32,8.4,53.6,82.6,5.9,11,9.6,79.9,69.7,NA,10.1,NA,NA,29.3,NA,21.4,40.8,4.6,47.5,NA,18.1,46,NA,21.5,NA,7.3,NA
28049010902,2016,NA,NA,NA,NA,NA,NA,NA,NA,NA,NA,51.5,NA,23.5,18.7,NA,40.6,NA,NA,NA,NA,78.9,NA,NA,87.2,NA,43.6,NA,36.3
28049010902,2017,29.1,30,9.8,52.1,82.3,6,12.4,9.9,74.5,79.3,NA,10.9,NA,NA,29.4,NA,21.3,39.9,5.2,45.7,NA,19.5,45.3,NA,21.8,NA,7.2,NA
28049011001,2013,NA,NA,NA,43.3,79.2,NA,NA,NA,NA,67.3,NA,NA,NA,NA,NA,NA,NA,38.3,NA,NA,NA,NA,NA,NA,NA,NA,NA,NA
28049011001,2014,29.6,27.3,11,NA,NA,4.8,10.8,6.2,76.4,NA,52.7,7.5,31.4,25.3,27,42.8,14.1,NA,3.3,36.2,71.7,16.7,42.3,79.4,15.8,46.2,4.6,28.2
28049011001,2015,27.3,25.6,9.8,44.7,77.6,5,10.9,6.5,78.8,67.6,NA,7.5,NA,NA,26.7,NA,14.9,34.4,3.4,42,NA,17.4,42,NA,17.2,NA,4.9,NA
28049011001,2016,NA,NA,NA,NA,NA,NA,NA,NA,NA,NA,51.2,NA,26.8,20,NA,44,NA,NA,NA,NA,78.3,NA,NA,87.7,NA,43.3,NA,32.7
28049011001,2017,26.4,24.3,11.2,43.6,77.1,5,12.3,6.9,72.5,77.5,NA,8.2,NA,NA,26.7,NA,15,33.7,4,40.3,NA,18.9,41.5,NA,17.8,NA,5,NA
28049011002,2013,NA,NA,NA,39.7,77.4,NA,NA,NA,NA,69.7,NA,NA,NA,NA,NA,NA,NA,35.3,NA,NA,NA,NA,NA,NA,NA,NA,NA,NA
28049011002,2014,23.6,23.9,12,NA,NA,4.2,10.2,4.7,77,NA,57.5,5.7,35.5,30.4,23.9,49.6,11.8,NA,2.7,30.6,74.3,14.8,41.2,83.8,12.8,45.8,3.4,20.7
28049011002,2015,21.9,22.3,10.7,41.4,76.3,4.3,10.2,4.8,79.3,71.1,NA,5.5,NA,NA,23.6,NA,12.5,30.9,2.8,37.5,NA,15.5,41.4,NA,14,NA,3.6,NA
28049011002,2016,NA,NA,NA,NA,NA,NA,NA,NA,NA,NA,55.3,NA,31.5,24.2,NA,50.4,NA,NA,NA,NA,79.2,NA,NA,89.5,NA,43.2,NA,23.9
28049011002,2017,21.9,21.2,12.3,40.4,75.5,4.3,11.6,5,72.7,79.9,NA,6.1,NA,NA,23.9,NA,12.6,30.9,3.2,35.8,NA,16.9,41,NA,14.7,NA,3.7,NA
28049011101,2013,NA,NA,NA,40.5,79.1,NA,NA,NA,NA,73.5,NA,NA,NA,NA,NA,NA,NA,37.4,NA,NA,NA,NA,NA,NA,NA,NA,NA,NA
28049011101,2014,20.7,25.2,12.7,NA,NA,4.8,9.6,5.1,77.9,NA,60.4,5.7,35.5,33.2,22.5,53.8,12.2,NA,2.9,29,75.9,13.7,39.1,85,12.3,44.4,3.4,18.3
28049011101,2015,17.6,22.4,11.7,40.9,77.9,4.9,9.4,4.6,80.1,75.7,NA,4.9,NA,NA,20.3,NA,11.8,31.8,2.5,33.8,NA,13.3,38.1,NA,12.2,NA,3.1,NA
28049011101,2016,NA,NA,NA,NA,NA,NA,NA,NA,NA,NA,60.4,NA,34.5,29,NA,59.2,NA,NA,NA,NA,79.1,NA,NA,88.8,NA,40.8,NA,17.5
28049011101,2017,19,21.5,13.6,39.4,76.7,4.9,10.8,4.8,73.4,83,NA,5.5,NA,NA,20.6,NA,11.8,32,2.9,31.4,NA,14.3,37,NA,12.9,NA,3.3,NA
28049011102,2013,NA,NA,NA,40.3,80.5,NA,NA,NA,NA,75.9,NA,NA,NA,NA,NA,NA,NA,38.9,NA,NA,NA,NA,NA,NA,NA,NA,NA,NA
28049011102,2014,15.2,25.2,13.5,NA,NA,5.7,8.4,5.3,78.5,NA,66.1,4.9,40.5,37.5,17.9,62.8,11,NA,2.8,24.4,77,11.1,35.2,87.4,10.3,40.5,3.1,13.5
28049011102,2015,15.6,23.7,11.8,40.9,79.3,5.7,8.8,5.2,79.9,78.2,NA,5,NA,NA,18.2,NA,11.6,33.3,2.6,32.1,NA,12.3,35.9,NA,11.9,NA,3.2,NA
28049011102,2016,NA,NA,NA,NA,NA,NA,NA,NA,NA,NA,62.8,NA,37.5,30.4,NA,62.7,NA,NA,NA,NA,78,NA,NA,89,NA,38.3,NA,16.2
28049011102,2017,16.1,22.1,14.2,38.1,77.7,5.8,10,5,73.2,84.8,NA,5.2,NA,NA,17.6,NA,10.9,33,2.8,28,NA,12.5,33.5,NA,11.8,NA,3.1,NA
28049011103,2013,NA,NA,NA,35.1,76.5,NA,NA,NA,NA,71.5,NA,NA,NA,NA,NA,NA,NA,36.1,NA,NA,NA,NA,NA,NA,NA,NA,NA,NA
28049011103,2014,17,21.7,15.1,NA,NA,4.9,8.5,4.4,76.5,NA,65.8,4.5,40.7,38.8,19.2,62,9,NA,2.5,23.9,75.2,11.6,33.2,87.4,9.4,40.1,2.5,13.6
28049011103,2015,16,19.8,13.9,34.3,74.7,5,8.8,3.9,78.3,74.8,NA,4.1,NA,NA,18.2,NA,8.7,29.8,2,30.3,NA,12.2,33.1,NA,10.1,NA,2.3,NA
28049011103,2016,NA,NA,NA,NA,NA,NA,NA,NA,NA,NA,64.9,NA,40.1,34.3,NA,65.7,NA,NA,NA,NA,75.5,NA,NA,88,NA,37.4,NA,13.6
28049011103,2017,18.2,19.5,15.5,33.5,73.4,5,10.4,4.3,70.7,81.6,NA,5,NA,NA,19,NA,9.3,30.3,2.5,28.2,NA,13.7,32.5,NA,11.4,NA,2.6,NA
28049011400,2013,NA,NA,NA,52.8,84,NA,NA,NA,NA,71.6,NA,NA,NA,NA,NA,NA,NA,43.2,NA,NA,NA,NA,NA,NA,NA,NA,NA,NA
28049011400,2014,35.2,34.3,9.1,NA,NA,5.1,11.9,9.3,77.7,NA,46.9,10.7,24.9,20.2,31.6,33.5,22.2,NA,4.3,43.9,70.2,19.3,49.8,74.4,21.8,50,7.4,38.5
28049011400,2015,34.3,32.8,7.9,56.9,82.9,5.3,11.8,10.3,80,67.9,NA,11.2,NA,NA,32.9,NA,24.3,41.5,4.9,50,NA,20.2,49.5,NA,24.4,NA,8.5,NA
28049011400,2016,NA,NA,NA,NA,NA,NA,NA,NA,NA,NA,47.3,NA,20.9,16.7,NA,36.5,NA,NA,NA,NA,79.2,NA,NA,87.3,NA,46.2,NA,41.8
28049011400,2017,29.5,29.6,9.7,53.8,82.5,5.4,12.9,9.7,75.2,79.7,NA,10.8,NA,NA,30.6,NA,22.4,39.6,5.3,45.8,NA,19.8,47.1,NA,22.3,NA,7.5,NA
28049011500,2013,NA,NA,NA,32,64,NA,NA,NA,NA,48.2,NA,NA,NA,NA,NA,NA,NA,29.6,NA,NA,NA,NA,NA,NA,NA,NA,NA,NA
28049011500,2014,33.3,16.1,13,NA,NA,2.5,11.7,3.9,74.3,NA,51.3,5.3,27.4,22.5,25.8,40.4,9.6,NA,2.5,32.6,72.1,17.4,37.1,72.3,12.3,45.9,3.2,32.8
28049011500,2015,27.6,14.9,11.5,32,64,2.6,11.5,3.9,77.4,51.1,NA,5,NA,NA,23.7,NA,9.7,25.5,2.5,36.2,NA,17.8,36.4,NA,12.8,NA,3.2,NA
28049011500,2016,NA,NA,NA,NA,NA,NA,NA,NA,NA,NA,54,NA,24.3,19.6,NA,48.1,NA,NA,NA,NA,80.9,NA,NA,85,NA,41.5,NA,31.1
28049011500,2017,23.5,13.6,13.9,30.7,62.5,2.7,12.5,3.8,71.1,68.4,NA,4.7,NA,NA,20.3,NA,9.3,22.5,2.8,33,NA,19.5,34.8,NA,11.9,NA,3,NA
28089030105,2013,NA,NA,NA,14,36.5,NA,NA,NA,NA,49.4,NA,NA,NA,NA,NA,NA,NA,11.8,NA,NA,NA,NA,NA,NA,NA,NA,NA,NA
28089030105,2014,21.9,5.9,15.5,NA,NA,1,11.1,0.9,75.3,NA,56,2.1,31.5,NA,17.5,59.6,2.8,NA,1.1,19.9,76.7,13.5,23.7,76.5,5.8,38.6,0.8,23.9
28089030105,2015,21.5,5.7,14.2,17.3,40.5,0.9,11.8,0.8,77.8,46.1,NA,2.3,NA,NA,16.9,NA,2.8,12,1.1,27,NA,15.6,27.3,NA,6.9,NA,0.9,NA
28089030105,2016,NA,NA,NA,NA,NA,NA,NA,NA,NA,NA,52.1,NA,30,NA,NA,57.2,NA,NA,NA,NA,80.3,NA,NA,77.9,NA,37.5,NA,27.3
28089030105,2017,20.4,5.8,16.6,17.3,35.1,1,13.1,0.9,73.2,64.9,NA,2.2,NA,NA,14.4,NA,3,11.1,1.3,24.1,NA,18.2,30.7,NA,7.1,NA,0.9,NA
28121020207,2013,NA,NA,NA,NA,NA,NA,NA,NA,NA,NA,NA,NA,NA,NA,NA,NA,NA,NA,NA,NA,NA,NA,NA,NA,NA,NA,NA,NA
28121020207,2014,NA,NA,NA,NA,NA,NA,NA,NA,NA,NA,NA,NA,NA,NA,NA,NA,NA,NA,NA,NA,NA,NA,NA,NA,NA,NA,NA,NA
28121020207,2015,NA,NA,NA,NA,NA,NA,NA,NA,NA,NA,NA,NA,NA,NA,NA,NA,NA,NA,NA,NA,NA,NA,NA,NA,NA,NA,NA,NA
28121020207,2016,NA,NA,NA,NA,NA,NA,NA,NA,NA,NA,NA,NA,NA,NA,NA,NA,NA,NA,NA,NA,NA,NA,NA,NA,NA,NA,NA,NA
28121020207,2017,NA,NA,NA,NA,NA,NA,NA,NA,NA,NA,NA,NA,NA,NA,NA,NA,NA,NA,NA,NA,NA,NA,NA,NA,NA,NA,NA,NA
